﻿	;	IM	;	S	;	E	;	I1	;	I2	;	T	;	R	;	C	;	Description
IM	;	100	;	-	;	-	;	-	;	-	;	-	;	- 	;	-	;	Здоровые имеющие иммунитет
S	;	-	;	99	;	1	;	-	;	-	;	-	;	-   ;	-	;	Здоровые подверженные заражению
E	;	-	;	-	;	90	;	10	;	-	;	-	;	-   ;	-	;	Заразившиеся не распространяющие инфекцию
I1	;	-	;	-	;	-	;	90	;	10	;	-	;	-   ;	-	;	Заразившиеся и распространяющие инфекцию бессимптомно
I2	;	-	;	-	;	-	;	-	;	80	;	15	;	5  ;	-	;	Заразившиеся и распространяющие инфекцию с симптомами
T	;	45	;	-	;	-	;	20	;	-	;	30	;	5	;	-	;	Временно выбывшие из жизненного цикла
R	;	-	;	-	;	-	;	-	;	-	;	-	;	1	;	-	;	Изолированные в стационаре
C	;	-	;	-	;	-	;	-	;	-	;	-	;	-	;	0	;	Получившие осложнение