﻿<?xml version="1.0" encoding="utf-8"?>
<Portals>
	<Portal>
		<Id>1</Id>
		<Name>Благовещенский мост</Name>
		<Point>
			<Lat>59.9334754</Lat>
			<Lon>30.290987</Lon>
		</Point>
	</Portal>
	<Portal>
		<Id>2</Id>
		<Name>Дворцовый мост</Name>
		<Point>
			<Lat>59.9403139</Lat>
			<Lon>30.309498</Lon>
		</Point>
	</Portal>
	<Portal>
		<Id>3</Id>
		<Name>Биржевой мост</Name>
		<Point>
			<Lat>59.9473819</Lat>
			<Lon>30.3034423</Lon>
		</Point>
	</Portal>
	<Portal>
		<Id>4</Id>
		<Name>Тучков мост</Name>
		<Point>
			<Lat>59.9498544</Lat>
			<Lon>30.2865053</Lon>
		</Point>
	</Portal>
	<Portal>
		<Id>5</Id>
		<Name>Спортивная</Name>
		<Point>
			<Lat>59.9478285</Lat>
			<Lon>30.2842201</Lon>
		</Point>
	</Portal>
	<Portal>
		<Id>6</Id>
		<Name>Василеостровская</Name>
		<Point>
			<Lat>59.94324821927434</Lat>
			<Lon>30.27440288108796</Lon>
		</Point>
	</Portal>
	<Portal>
		<Id>7</Id>
		<Name>Приморская</Name>
		<Point>
			<Lat>59.9483366455985</Lat>
			<Lon>30.23692705673185</Lon>
		</Point>
	</Portal>
</Portals>