[
	{
		"id": 1,
		"name" : "Жители",
		"home_buildings" : [
            "Residential"
        ],
		"activities" : [
            {
                "type" : "primary", 
				"name" : "not_work",
                "buildings" : [
                    "Residential"
                ]
            },
            {
                "type" : "primary",
				"name" : "work",
                "buildings" : [
                    "Not residential"
                ]
            }
        ],
        "schedules" : [
            {
                "name" : "type1",
                "rating" : 50,
                "weekdays" : [
                    {
                        "activity" : "not_work",
                        "per_day_percent" : 85,
                        "time_start" : "8:00-10:30",
                        "time_end" :  "16:00-19:00"
                    },
                    {
                        "activity" : "work",
                        "per_day_percent" : 20,
                        "time_start" : "16:30-19:30",
                        "time_end" :  "20:00-20:30"
                    },
                    {
                        "activity" : "not_work",
                        "per_day_percent" : 20,
						"time" : "60"
                    }
                ]
            },
			{
                "name" : "type2",
                "rating" : 50,
                "weekdays" : [
                    {
                        "activity" : "work",
                        "per_day_percent" : 50,
                        "time_start" : "7:00-9:30",
                        "time_end" :  "14:00-15:00"
                    },
                    {
                        "activity" : "work",
                        "per_day_percent" : 57,
						"time" : "120"
                    },
                    {
                        "activity" : "not_work",
                        "per_day_percent" : 57,
						"time" : "120"
                    }
                ]
            }
        ]
	}   
]