[
	{
		"id": 1,
		"name" : "students",
		"home_buildings" : [
            "общежитие"
        ],
		"activities" : [
            {
                "type" : "primary", 
				"name" : "studying",
                "buildings" : [
                    "высшее учебное заведение"
                ]
            },
            {
                "type" : "primary",
				"name" : "work",
                "buildings" : [
                    "магазин",
                    "ресторан",
                    "промышленное предприятие/производство",
                    "административное здание",
                    "ресторан",
                    "гостиница, отель",
                    "больница, госпиталь, стационар",
                    "банк",
                    "аэропорт, аэродром",
                    "фабрика, завод",
                    "автосалон",
                    "электроэнергетика/энергосбережение",
                    "ратуша, горсовет, мэрия",
                    "автозаправочная станция (АЗС)",
                    "торговый центр"
                ]
            },
            {
                "type" : "secondary",
				"name" : "leisure",
                "buildings" : [
                    "бар, рюмочная",
                    "ресторан",
                    "кинотеатр"
                ]
            },
            {
                "type" : "secondary",
				"name" : "shopping",
                "buildings" : [
                    "магазин",
                    "продуктовый магазин",
                    "универсам, супермаркет, гипермаркет",
                    "торговый центр",
                    "автосалон",
                    "автосервис, автотехцентр"
                ]
            }
        ],
        "schedules" : [
            {
                "name" : "дневная форма обучения",
                "rating" : 100,
                "weekdays" : [
                    {
                        "activity" : "studying",
                        "per_day_percent" : 85,
                        "time_start" : "9:10-9:30",
                        "time_end" :  "13:00-14:00"
                    },
                    {
                        "activity" : "work",
                        "per_day_percent" : 30,
                        "time_start" : "15:00-15:30",
                        "time_end" :  "20:00-20:30"
                    },
                    {
                        "activity" : "leisure",
                        "per_day_percent" : 57,
						"time" : "120"
                    },
                    {
                        "activity" : "shopping",
                        "per_day_percent" : 57,
						"time" : "120"
                    }
                ]
            }
        ]
	},

    {
		"id": 2,
		"name" : "moderate means",
		"home_buildings" : [
            "многоквартирный жилой дом"
        ],
		"activities" : [
            {
                "type" : "primary", 
				"name" : "work",
                "buildings" : [
                    "промышленное предприятие/производство",
					"школа/гимназия/лицей",
					"административное здание",
					"ресторан",
					"больница, госпиталь, стационар",
					"банк",
					"аэропорт, аэродром",
					"фабрика, завод",
					"автозаправочная станция (АЗС)",
					"электроэнергетика/энергосбережение",
					"военный объект",
					"железнодорожная станция",
					"музей",
					"аптека",
					"универсам, супермаркет, гипермаркет",
					"детский сад/прогимназия",
					"отделение связи/почтамт",
					"автостоянка/парковка",
					"библиотека",
					"кафе",
					"пожарная охрана",
					"кинотеатр",
					"торговый центр",
					"гараж, ГСК, паркинг",
					"продуктовый магазин",
					"автосервис, автотехцентр",
					"станция метрополитена",
					"электроэнергетика/энергосбережение",
					"ратуша, горсовет, мэрия"
				]	
            },
            {
				"type" : "primary", 
				"name" : "unemployed",
                "buildings" : [
					"промышленное предприятие/производство",
					"школа/гимназия/лицей",
					"административное здание",
					"ресторан",
					"больница, госпиталь, стационар",
					"банк",
					"аэропорт, аэродром",
					"фабрика, завод",
					"автозаправочная станция (АЗС)",
					"электроэнергетика/энергосбережение",
					"военный объект",
					"железнодорожная станция",
					"музей",
					"аптека",
					"универсам, супермаркет, гипермаркет",
					"детский сад/прогимназия",
					"отделение связи/почтамт",
					"автостоянка/парковка",
					"библиотека",
					"кафе",
					"пожарная охрана",
					"кинотеатр",
					"торговый центр",
					"гараж, ГСК, паркинг",
					"продуктовый магазин",
					"автосервис, автотехцентр",
					"станция метрополитена",
					"электроэнергетика/энергосбережение",
					"ратуша, горсовет, мэрия"
                ]
            },
            {
                "type" : "secondary",
				"name" : "leisure",
                "buildings" : [
                    "бар, рюмочная",
					"кафе",
					"церковь",
					"храм",
					"мечеть",
					"торговый центр"
                ]
            },
            {
                "type" : "secondary",
				"name" : "shopping",
                "buildings" : [
                    "универсам, супермаркет, гипермаркет",
					"магазин",
					"торговый центр",
					"продуктовый магазин",
					"рынок"           
                ]
            }
        ],

        "schedules" : [
            {
                "name" : "full time work",
                "rating" : 25,
                "weekdays" : [
                    {
                        "activity" : "work",
                        "per_day_percent" : 92,
                        "time_start" : "9:00-9:30",
                        "time_end" :  "17:00-17:30"
                    },
                    {
                        "activity" : "leisure",
                        "per_day_percent" : 47,
						"time" : "90-120"
                    },
                    {
                        "activity" : "shopping",
                        "per_day_percent" : 57,
						"time" : "120-150"
                    }
                ]
            },
			{
				"name" : "morning work",
                "rating" : 25,
                "weekdays" : [
                    {
                        "activity" : "work",
                        "per_day_percent" : 87,
                        "time_start" : "7:30-8:00",
                        "time_end" :  "15:30-16:00"
					},
                    {
                        "activity" : "leisure",
                        "per_day_percent" : 65,
						"time" : "90-120"
                    },
					{
						"activity" : "shopping",
                        "per_day_percent" : 65,
						"time" : "120-150"
                    }
                ]
            },
            {
				"name" : "evening work",
				"rating" : 25,
                "weekdays" : [
					{
                        "activity" : "work",
                        "per_day_percent" : 87,
                        "time_start" : "15:00-15:30",
                        "time_end" :  "23:00-23:30"
                    },
                    {
                        "activity" : "leisure",
                        "per_day_percent" : 30,
						"time_start" : "12:00-12:30",
                        "time_end" :  "14:00-14:20"
                    },
                    {
                        "activity" : "shopping",
                        "per_day_percent" : 47,
						"time_start" : "11:00-11:30",
                        "time_end" :  "13:00-13:30"
                    }
                ]
			},
            {  
				"name" : "unemployed",
				"rating" : 25,
                "weekdays" : [
					{
                        "activity" : "unemployed",
                        "per_day_percent" : 77,
                        "time_start" : "09:30-10:00",
                        "time_end" :  "16:30-17:00"
                    },
					{
                        "activity" : "leisure",
                        "per_day_percent" : 57,
						"time" : "100-120"
                    },	
					{
                        "activity" : "shopping",
                        "per_day_percent" : 57,
						"time" : "120-150"
                    }
                ]
            }
        ]
	},

	{
		"id": 3,
		"name" : "wealthy achievers",
		"home_buildings" : [
            "индивидуальный жилой дом",
			"дачные участки, садоводческое товарищество",
			"многоквартирный жилой дом"			
        ],
		"activities" : [
            {
                "type" : "primary", 
				"name" : "work",
                "buildings" : [
					"промышленное предприятие/производство",
					"административное здание",
					"ресторан",
					"гостиница, отель",
					"больница, госпиталь, стационар",
					"банк",
					"аэропорт, аэродром",
					"фабрика, завод",
					"автосалон",
					"электроэнергетика/энергосбережение",
					"ратуша, горсовет, мэрия"
				]	
            },
            {
				"type" : "primary", 
				"name" : "self-employed work or business",
                "buildings" : [
					"промышленное предприятие/производство",
					"административное здание",
					"ресторан",
					"гостиница, отель",
					"больница, госпиталь, стационар",
					"банк",
					"аэропорт, аэродром",
					"фабрика, завод",
					"автосалон",
					"электроэнергетика/энергосбережение",
					"ратуша, горсовет, мэрия",
					"магазин",
					"автозаправочная станция (АЗС)",
					"торговый центр"
                ]
            },
            {
                "type" : "secondary",
				"name" : "leisure",
                "buildings" : [
					"ресторан",
					"гостиница, отель",
					"театр"
                ]
            },
            {
                "type" : "secondary",
				"name" : "shopping",
                "buildings" : [
					"универсам, супермаркет, гипермаркет",
					"торговый центр",
					"автосалон",
					"автосервис, автотехцентр"
                ]
            }
        ],

        "schedules" : [
            {
                "name" : "full time work",
                "rating" : 90,
                "weekdays" : [
                    {
                        "activity" : "work",
                        "per_day_percent" : 92,
                        "time_start" : "9:00-9:30",
                        "time_end" :  "17:00-17:30"
                    },
					{
                        "activity" : "leisure",
                        "per_day_percent" : 57,
						"time" : "120-180"
                    },
                    {
                        "activity" : "shopping",
                        "per_day_percent" : 35,
						"time" : "90-120"
                    }
                ]
            },
			{
				"name" : "self-employed work or business",
				"rating" : 10,
                "weekdays" : [
					{
                        "activity" : "self-employed work or business",
                        "per_day_percent" : 87,
                        "time_start" : "11:00-11:30",
                        "time_end" :  "16:30-17:00"
                    },
                    {
                        "activity" : "leisure",
                        "per_day_percent" : 30,
						"time" : "120-150"
                    },
                    {
                        "activity" : "shopping",
                        "per_day_percent" : 37,
						"time" : "90-120"
					}
                ]
            }
        ]
	},

	{
		"id": 4,
		"name" : "urban prosperity",
		"home_buildings" : [
			"индивидуальный жилой дом",
			"многоквартирный жилой дом"
		],
		"activities" : [
            {
                "type" : "primary", 
				"name" : "work",
                "buildings" : [
					"торговый центр",
					"промышленное предприятие/производство",
					"административное здание",
					"гостиница, отель",
					"больница, госпиталь, стационар",
					"банк",
					"фабрика, завод",
					"электроэнергетика/энергосбережение",
					"ратуша, горсовет, мэрия",
					"аэропорт, аэродром"
				]	
            },
            {
				
				"type" : "primary", 
				"name" : "self-employed work or business",
                "buildings" : [
					"промышленное предприятие/производство",
					"административное здание",
					"ресторан",
					"гостиница, отель",
					"больница, госпиталь, стационар",
					"банк",
					"аэропорт, аэродром",
					"фабрика, завод",
					"автосалон",
					"электроэнергетика/энергосбережение",
					"ратуша, горсовет, мэрия",
					"магазин",
					"автозаправочная станция (АЗС)",
					"торговый центр"
                ]
            },
            {
                "type" : "secondary",
				"name" : "leisure",
                "buildings" : [
					"ресторан",
					"музей",
					"гостиница, отель",
					"театр"
                ]
            },
            {
                "type" : "secondary",
				"name" : "shopping",
                "buildings" : [
					"универсам, супермаркет, гипермаркет",
					"торговый центр",
					"автосалон",
					"автосервис, автотехцентр"
                ]
            }
        ],
		
		"schedules" : [
            {
                "name" : "work",
                "rating" : 90,
                "weekdays" : [
                    {
                        "activity" : "work",
                        "per_day_percent" : 92,
                        "time_start" : "9:00-9:30",
                        "time_end" :  "17:00-17:30"
                    },
					{
                        "activity" : "leisure",
                        "per_day_percent" : 43,
						"time" : "120-150"
                    },
                    {
                        "activity" : "shopping",
                        "per_day_percent" : 52,
						"time" : "90-120"
					}
                ]
            },
			{
				"name" : "self-employed work or business",
				"rating" : 10,
                "weekdays" : [
					{
                        "activity" : "self-employed work or business",
                        "per_day_percent" : 87,
                        "time_start" : "11:00-11:30",
                        "time_end" :  "16:30-17:00"
                    },
                    {
                        "activity" : "leisure",
                        "per_day_percent" : 50,
						"time" : "120-150"
                    },
                    {
                        "activity" : "shopping",
                        "per_day_percent" : 37,
						"time" : "90-120"
					}
                ]
            }
        ]
	},

	{
		"id": 5,
		"name" : "educated urbanites",
		"home_buildings" : [
			"индивидуальный жилой дом",
			"многоквартирный жилой дом"
		],
		"activities" : [
            {
                "type" : "primary", 
				"name" : "work",
                "buildings" : [
					"промышленное предприятие/производство",
					"административное здание",
					"ресторан",
					"гостиница, отель",
					"больница, госпиталь, стационар",
					"банк",
					"аэропорт, аэродром",
					"фабрика, завод",
					"автосалон",
					"электроэнергетика/энергосбережение",
					"ратуша, горсовет, мэрия"
				]	
            },
            {
				"type" : "primary", 
				"name" : "self-employed work or business",
                "buildings" : [
					"промышленное предприятие/производство",
					"административное здание",
					"ресторан",
					"гостиница, отель",
					"больница, госпиталь, стационар",
					"банк",
					"аэропорт, аэродром",
					"фабрика, завод",
					"автосалон",
					"электроэнергетика/энергосбережение",
					"ратуша, горсовет, мэрия",
					"магазин",
					"автозаправочная станция (АЗС)",
					"торговый центр"
                ]
            },
            {
                "type" : "secondary",
				"name" : "leisure",
                "buildings" : [
					"ресторан",
					"гостиница, отель",
					"театр"
                ]
            },
            {
                "type" : "secondary",
				"name" : "shopping",
                "buildings" : [
					"универсам, супермаркет, гипермаркет",
					"торговый центр",
					"автосалон",
					"автосервис, автотехцентр"
                ]
            }
        ],
		
		"schedules" : [
            {
                "name" : "full time work",
                "rating" : 90,
                "weekdays" : [
                    {
                        "activity" : "work",
                        "per_day_percent" : 92,
                        "time_start" : "9:00-9:30",
                        "time_end" :  "17:00-17:30"
                    },
					{
                        "activity" : "leisure",
                        "per_day_percent" : 35,
						"time" : "90-120"
                    },
                    {
                        "activity" : "shopping",
                        "per_day_percent" : 52,
						"time" : "90-120"
					}
                ]
            },
		    {
				"name" : "self-employed work or business",
				"rating" : 10,
                "weekdays" : [
					{
                        "activity" : "self-employed work or business",
                        "per_day_percent" : 87,
                        "time_start" : "10:00-10:30",
                        "time_end" :  "17:00-17:30"
                    },
                    {
                        "activity" : "leisure",
                        "per_day_percent" : 54,
						"time" : "120-150"
                    },
                    {
                        "activity" : "shopping",
                        "per_day_percent" : 46,
						"time" : "90-120"
					}
			
                ]
            }
        ]
	},

	{
		"id": 6,
		"name" : "burdened singles",
		"home_buildings" : [
			"многоквартирный жилой дом"
		],
		"activities" : [
            {
                "type" : "primary", 
				"name" : "work",
                "buildings" : [
					"промышленное предприятие/производство",
					"школа/гимназия/лицей",
					"административное здание",
					"ресторан",
					"больница, госпиталь, стационар",
					"банк",
					"аэропорт, аэродром",
					"фабрика, завод",
					"автозаправочная станция (АЗС)",
					"электроэнергетика/энергосбережение",
					"военный объект",
					"железнодорожная станция",
					"музей",
					"аптека",
					"универсам, супермаркет, гипермаркет",
					"детский сад/прогимназия",
					"отделение связи/почтамт",
					"автостоянка/парковка",
					"библиотека",
					"кафе",
					"пожарная охрана",
					"кинотеатр",
					"торговый центр",
					"гараж, ГСК, паркинг",
					"продуктовый магазин",
					"автосервис, автотехцентр",
					"станция метрополитена",
					"электроэнергетика/энергосбережение",
					"ратуша, горсовет, мэрия"
				]	
            },
            {
				
				"type" : "primary", 
				"name" : "unemployed",
                "buildings" : [
					"промышленное предприятие/производство",
					"школа/гимназия/лицей",
					"административное здание",
					"ресторан",
					"больница, госпиталь, стационар",
					"банк",
					"аэропорт, аэродром",
					"фабрика, завод",
					"автозаправочная станция (АЗС)",
					"электроэнергетика/энергосбережение",
					"военный объект",
					"железнодорожная станция",
					"музей",
					"аптека",
					"универсам, супермаркет, гипермаркет",
					"детский сад/прогимназия",
					"отделение связи/почтамт",
					"автостоянка/парковка",
					"библиотека",
					"кафе",
					"пожарная охрана",
					"кинотеатр",
					"торговый центр",
					"гараж, ГСК, паркинг",
					"продуктовый магазин",
					"автосервис, автотехцентр",
					"станция метрополитена",
					"электроэнергетика/энергосбережение",
					"ратуша, горсовет, мэрия"
                ]
            },
            {
                "type" : "secondary",
				"name" : "leisure",
                "buildings" : [
					"стадион",
					"бар, рюмочная",
					"кафе",
					"кинотеатр",
					"торговый центр",
					"ночной клуб"
                ]
            },
            {
                "type" : "secondary",
				"name" : "shopping",
                "buildings" : [
					"универсам, супермаркет, гипермаркет",
					"магазин",
					"продуктовый магазин",
					"рынок"
                ]
            }
        ],
					
		"schedules" : [
            {
                "name" : "full-time work",
                "rating" : 25,
                "weekdays" : [
                    {
                        "activity" : "work",
                        "per_day_percent" : 92,
                        "time_start" : "9:00-9:30",
                        "time_end" :  "17:00-17:30"
                    },
					{
                        "activity" : "leisure",
                        "per_day_percent" : 23,
						"time" : "90-120"
                    },
                    {
                        "activity" : "shopping",
                        "per_day_percent" : 52,
						"time" : "90-120"
                    }
                ]
			},
			{
				"name" : "morning work",
                "rating" : 25,
                "weekdays" : [
                    {
                        "activity" : "work",
                        "per_day_percent" : 87,
                        "time_start" : "7:30-8:00",
                        "time_end" :  "15:30-16:00"
					},
                    {
                        "activity" : "leisure",
                        "per_day_percent" : 35,
						"time" : "90-120"
                    },
					{
						"activity" : "shopping",
                        "per_day_percent" : 65,
						"time" : "90-120"
                    }
                ]
			},
            {
				"name" : "evening work",
				"rating" : 25,
                "weekdays" : [
					{
                        "activity" : "work",
                        "per_day_percent" : 87,
                        "time_start" : "15:00-15:30",
                        "time_end" :  "23:00-23:30"
                    },
                    {
                        "activity" : "leisure",
                        "per_day_percent" : 18,
						"time_start" : "12:00-12:30",
                        "time_end" :  "14:00-14:20"
                    },
                    {
                        "activity" : "shopping",
                        "per_day_percent" : 44,
						"time_start" : "11:00-11:30",
                        "time_end" :  "13:00-13:30"
                    }
                ]
			},
            {  
				"name" : "unemployed",
				"rating" : 25,
                "weekdays" : [
					{
                        "activity" : "unemployed",
                        "per_day_percent" : 72,
                        "time_start" : "09:30-10:00",
                        "time_end" :  "16:30-17:00"
                    },
					{
                        "activity" : "leisure",
                        "per_day_percent" : 23,
						"time" : "100-120"
                    },	
					{
                        "activity" : "shopping",
                        "per_day_percent" : 47,
						"time" : "90-120"
                    }
                ]
            }
        ]
	},

	{
		"id": 7,
		"name" : "struggling families",
		"home_buildings" : [
			"многоквартирный жилой дом"
		],
		"activities" : [
            {
                "type" : "primary", 
				"name" : "work",
                "buildings" : [
					"промышленное предприятие/производство",
					"школа/гимназия/лицей",
					"административное здание",
					"ресторан",
					"больница, госпиталь, стационар",
					"банк",
					"аэропорт, аэродром",
					"фабрика, завод",
					"автозаправочная станция (АЗС)",
					"электроэнергетика/энергосбережение",
					"военный объект",
					"железнодорожная станция",
					"музей",
					"аптека",
					"универсам, супермаркет, гипермаркет",
					"детский сад/прогимназия",
					"отделение связи/почтамт",
					"автостоянка/парковка",
					"библиотека",
					"кафе",
					"пожарная охрана",
					"кинотеатр",
					"торговый центр",
					"гараж, ГСК, паркинг",
					"продуктовый магазин",
					"автосервис, автотехцентр",
					"станция метрополитена",
					"электроэнергетика/энергосбережение",
					"ратуша, горсовет, мэрия"
				]	
            },
            {
				"type" : "primary", 
				"name" : "unemployed",
                "buildings" : [
					"промышленное предприятие/производство",
					"школа/гимназия/лицей",
					"административное здание",
					"ресторан",
					"больница, госпиталь, стационар",
					"банк",
					"аэропорт, аэродром",
					"фабрика, завод",
					"автозаправочная станция (АЗС)",
					"электроэнергетика/энергосбережение",
					"военный объект",
					"железнодорожная станция",
					"музей",
					"аптека",
					"универсам, супермаркет, гипермаркет",
					"детский сад/прогимназия",
					"отделение связи/почтамт",
					"автостоянка/парковка",
					"библиотека",
					"кафе",
					"пожарная охрана",
					"кинотеатр",
					"торговый центр",
					"гараж, ГСК, паркинг",
					"продуктовый магазин",
					"автосервис, автотехцентр",
					"станция метрополитена",
					"электроэнергетика/энергосбережение",
					"ратуша, горсовет, мэрия"
                ]
            },
            {
                "type" : "secondary",
				"name" : "leisure",
                "buildings" : [
					"стадион",
					"бар, рюмочная",
					"торговый центр"
                ]
            },
            {
                "type" : "secondary",
				"name" : "shopping",
                "buildings" : [
					"магазин",
					"продуктовый магазин",
					"рынок"
                ]
            }
        ],
		
		"schedules" : [
            {
                "name" : "full-time work",
                "rating" : 19,
                "weekdays" : [
                    {
                        "activity" : "work",
                        "per_day_percent" : 92,
                        "time_start" : "9:00-9:30",
                        "time_end" :  "17:00-17:30"
                    },
					{
                        "activity" : "leisure",
                        "per_day_percent" : 10,
						"time" : "60-90"
                    },
                    {
                        "activity" : "shopping",
                        "per_day_percent" : 42,
						"time" : "90-120"
                    }
                ]
			},
			{
				"name" : "morning work",
                "rating" : 27,
                "weekdays" : [
                    {
                        "activity" : "work",
                        "per_day_percent" : 87,
                        "time_start" : "7:30-8:00",
                        "time_end" :  "15:30-16:00"
					},
                    {
                        "activity" : "leisure",
                        "per_day_percent" : 10,
						"time" : "90-120"
                    },
					{
						"activity" : "shopping",
                        "per_day_percent" : 65,
						"time" : "90-120"
                    }
                ]
            },
            {
				"name" : "evening work",
				"rating" : 27,
                "weekdays" : [
					{
                        "activity" : "work",
                        "per_day_percent" : 87,
                        "time_start" : "15:00-15:30",
                        "time_end" :  "23:00-23:30"
                    },
                    {
                        "activity" : "leisure",
                        "per_day_percent" : 15,
						"time_start" : "11:00-11:30",
                        "time_end" :  "13:30-14:00"
                    },
                    {
                        "activity" : "shopping",
                        "per_day_percent" : 44,
						"time_start" : "11:00-11:30",
                        "time_end" :  "13:00-13:30"
                    }
                ]
			},
            {  
				"name" : "unemployed",
				"rating" : 27,
                "weekdays" : [
					{
                        "activity" : "unemployed",
                        "per_day_percent" : 72,
                        "time_start" : "09:30-10:00",
                        "time_end" :  "16:30-17:00"
                    },
					{
                        "activity" : "leisure",
                        "per_day_percent" : 15,
						"time" : "90-120"
                    },	
					{
                        "activity" : "shopping",
                        "per_day_percent" : 47,
						"time" : "90-120"
                    }
                ]
            }
        ]
	},

	{
		"id": 8,
		"name" : "pensioneers",
		"home_buildings" : [
			"многоквартирный жилой дом"
		],
		"activities" : [
            {
                "type" : "primary", 
				"name" : "work",
                "buildings" : [
					"промышленное предприятие/производство",
					"школа/гимназия/лицей",
					"административное здание",
					"больница, госпиталь, стационар",
					"аэропорт, аэродром",
					"фабрика, завод",
					"электроэнергетика/энергосбережение",
					"ратуша, горсовет, мэрия",
					"железнодорожная станция",
					"музей",
					"универсам, супермаркет, гипермаркет",
					"детский сад/прогимназия",
					"отделение связи/почтамт",
					"автостоянка/парковка",
					"библиотека",
					"кафе",
					"гараж, ГСК, паркинг",
					"продуктовый магазин",
					"станция метрополитена",
					"электроэнергетика/энергосбережение"
				]	
            },
            {
				
				"type" : "primary", 
				"name" : "sitting with grandchildren",
                "buildings" : [
					"многоквартирный жилой дом",
					"индивидкальный жилой дом (бывш. жилой дом)",
					"дачные участки, садоводческое товарищество",
					"электроэнергетика/энергосбережение"
				]	
            },
            {
				
				"type" : "primary", 
				"name" : "unemployed",
                "buildings" : [
					"школа/гимназия/лицей",
					"административное здание",
					"больница, госпиталь, стационар",
					"банк",
					"автозаправочная станция (АЗС)",
					"электроэнергетика/энергосбережение",
					"железнодорожная станция",
					"музей",
					"аптека",
					"универсам, супермаркет, гипермаркет",
					"детский сад/прогимназия",
					"отделение связи/почтамт",
					"автостоянка/парковка",
					"библиотека",
					"торговый центр",
					"гараж, ГСК, паркинг",
					"продуктовый магазин",
					"автосервис, автотехцентр",
					"станция метрополитена",
					"электроэнергетика/энергосбережение"
				]
            },
            {
                "type" : "secondary",
				"name" : "leisure",
                "buildings" : [
					"церковь",
					"храм",
					"музей",
					"дачные участки, садоводческое товарищество",
                    "многоквартирный жилой дом"
                ]
            },
            {
                "type" : "secondary",
				"name" : "shopping",
                "buildings" : [
					"магазин",
					"продуктовый магазин",
					"рынок"
					
                ]
            }
        ],
						
		"schedules" : [
            {
                "name" : "full-time work",
                "rating" : 25,
                "weekdays" : [
                    {
                        "activity" : "work",
                        "per_day_percent" : 92,
                        "time_start" : "9:00-9:30",
                        "time_end" :  "17:00-17:30"
                    },
					{
                        "activity" : "leisure",
                        "per_day_percent" : 35,
						"time" : "60-90"
                    },
                    {
                        "activity" : "shopping",
                        "per_day_percent" : 42,
						"time" : "90-120"
                    }
                ]
			},
            {  
				"name" : "unemployed",
				"rating" : 25,
                "weekdays" : [
					{
                        "activity" : "unemployed",
                        "per_day_percent" : 72,
                        "time_start" : "10:00-10:30",
                        "time_end" :  "16:30-17:00"
                    },
					{
                        "activity" : "leisure",
                        "per_day_percent" : 15,
						"time" : "60-90"
                    },	
					{
                        "activity" : "shopping",
                        "per_day_percent" : 47,
						"time" : "90-120"
                    }
                ]
            },
            {
				"name" : "sitting with grandchildren_morning",
				"rating" : 25,
                "weekdays" : [
					{
                        "activity" : "sitting with grandchildren",
                        "per_day_percent" : 72,
                        "time_start" : "9:30-10:30",
                        "time_end" :  "17:00-17:30"
                    },
                    {
                        "activity" : "leisure",
                        "per_day_percent" : 10,
						"time" : "90-120"
                    },
                    {
                        "activity" : "shopping",
                        "per_day_percent" : 44,
						"time" : "90-120"
                    }
                ]
            },
            {
				"name" : "sitting with grandchildren_evening",
				"rating" : 25,
                "weekdays" : [
					{
                        "activity" : "sitting with grandchildren",
                        "per_day_percent" : 72,
                        "time_start" : "16:00-16:30",
                        "time_end" :  "20:00-20:30"
                    },
                    {
                        "activity" : "leisure",
                        "per_day_percent" : 10,
						"time" : "90-120"
                    },
                    {
                        "activity" : "shopping",
                        "per_day_percent" : 53,
						"time" : "90-120"
					}
			
                ]
            }
        ]
	},

	{
		"id": 9,
		"name" : "immigrants",
		"home_buildings" : [
			"многоквартирный жилой дом"
		],
		"activities" : [
            {
                "type" : "primary", 
				"name" : "work",
                "buildings" : [			
					"промышленное предприятие/производство",
					"школа/гимназия/лицей",
					"ресторан",
					"больница, госпиталь, стационар",
					"банк",
					"аэропорт, аэродром",
					"фабрика, завод",
					"автозаправочная станция (АЗС)",
					"электроэнергетика/энергосбережение",
					"военный объект",
					"железнодорожная станция",
					"музей",
					"аптека",
					"универсам, супермаркет, гипермаркет",
					"детский сад/прогимназия",
					"отделение связи/почтамт",
					"автостоянка/парковка",
					"библиотека",
					"кафе",
					"пожарная охрана",
					"кинотеатр",
					"торговый центр",
					"гараж, ГСК, паркинг",
					"продуктовый магазин",
					"автосервис, автотехцентр",
					"станция метрополитена",
					"электроэнергетика/энергосбережение",
					"рынок"
					
				]	
            },
            {
				"type" : "primary", 
				"name" : "unemployed",
                "buildings" : [
					"промышленное предприятие/производство",
					"школа/гимназия/лицей",
					"административное здание",
					"ресторан",
					"больница, госпиталь, стационар",
					"банк",
					"аэропорт, аэродром",
					"фабрика, завод",
					"автозаправочная станция (АЗС)",
					"военный объект",
					"железнодорожная станция",
					"музей",
					"аптека",
					"универсам, супермаркет, гипермаркет",
					"детский сад/прогимназия",
					"отделение связи/почтамт",
					"автостоянка/парковка",
					"библиотека",
					"кафе",
					"кинотеатр",
					"торговый центр",
					"гараж, ГСК, паркинг",
					"продуктовый магазин",
					"автосервис, автотехцентр",
					"станция метрополитена",
					"электроэнергетика/энергосбережение",
					"рынок"
				]
            },
            {
                "type" : "secondary",
				"name" : "leisure",
                "buildings" : [
					"церковь",
					"храм",
					"стадион",
					"бар, рюмочная",
					"кафе",
					"кинотеатр",
					"торговый центр",
					"ночной клуб"
					
                ]
            },
            {
                "type" : "secondary",
				"name" : "shopping",
                "buildings" : [
					"магазин",
					"продуктовый магазин",
					"рынок",
					"универсам, супермаркет, гипермаркет"
				]
            }
        ],
						
		"schedules" : [
            {
                "name" : "full-time work",
                "rating" : 25,
                "weekdays" : [
                    {
                        "activity" : "work",
                        "per_day_percent" : 92,
                        "time_start" : "9:00-9:30",
                        "time_end" :  "17:00-17:30"
                    },
					{
                        "activity" : "leisure",
                        "per_day_percent" : 35,
						"time" : "90-120"
                    },
                    {
                        "activity" : "shopping",
                        "per_day_percent" : 45,
						"time" : "90-120"
                    }
                ]
			},
            {
				"name" : "morning work",
				"rating" : 25,
                "weekdays" : [
					{
                        "activity" : "work",
                        "per_day_percent" : 87,
                        "time_start" : "7:30-8:00",
                        "time_end" :  "15:30-16:00"
                    },
                    {
                        "activity" : "leisure",
                        "per_day_percent" : 10,
						"time" : "60-90"
                    },
                    {
                        "activity" : "shopping",
                        "per_day_percent" : 35,
						"time" : "90-120"
                    }
                ]
			},
            {
				"name" : "evening work",
				"rating" : 25,
                "weekdays" : [
					{
                        "activity" : "work",
                        "per_day_percent" : 87,
                        "time_start" : "15:00-15:30",
                        "time_end" :  "23:00-23:30"
                    },
                    {
                        "activity" : "leisure",
                        "per_day_percent" : 10,
						"time_start" : "11:00-11:30",
                        "time_end" :  "12:30-13:00"
					},
                    {
                        "activity" : "shopping",
                        "per_day_percent" : 35,
						"time_start" : "10:00-10:30",
                        "time_end" :  "12:00-12:30"
                    }
                ]
			},
            {
				"name" : "unemployed",
				"rating" : 25,
                "weekdays" : [
					{
                        "activity" : "unemployed",
                        "per_day_percent" : 72,
                        "time_start" : "9:30-10:00",
                        "time_end" :  "16:30-17:00"
                    },
                    {
                        "activity" : "leisure",
                        "per_day_percent" : 10,
						"time" : "60-90"
					},
                    {
                        "activity" : "shopping",
                        "per_day_percent" : 45,
						"time": "90-120"
					}
			
                ]
            }
        ]
	},
	
	{
		"id": 10,
		"name" : "comfortably off",
		"home_buildings" : [
			"многоквартирный жилой дом"
			
		],
		"activities" : [
            {
                "type" : "primary", 
				"name" : "work",
                "buildings" : [
					"промышленное предприятие/производство",
					"административное здание",
					"ресторан",
					"больница, госпиталь, стационар",
					"банк",
					"аэропорт, аэродром",
					"фабрика, завод",
					"аптека",
					"торговый центр",
					"электроэнергетика/энергосбережение",
					"ратуша, горсовет, мэрия",
					"рынок"
					
				]	
            },
            {
				"type" : "primary",
				"name" : "self-employed work or business",
                "buildings" : [
					"промышленное предприятие/производство",
					"административное здание",
					"ресторан",
					"гостиница, отель",
					"больница, госпиталь, стационар",
					"банк",
					"аэропорт, аэродром",
					"фабрика, завод",
					"автосалон",
					"электроэнергетика/энергосбережение",
					"ратуша, горсовет, мэрия",
					"магазин",
					"автозаправочная станция (АЗС)",
					"торговый центр"
                ]
            },
            {
                "type" : "secondary",
				"name" : "leisure",
                "buildings" : [
					"ресторан",
					"музей",
					"гостиница, отель",
					"театр"
                ]
            },
            {
				"type" : "secondary",
				"name" : "shopping",
                "buildings" : [
					"универсам, супермаркет, гипермаркет",
					"торговый центр",
					"автосалон",
					"автосервис, автотехцентр"
                ]
            }
        ],
		
		"schedules" : [
            {
                "name" : "work",
                "rating" : 90,
                "weekdays" : [
                    {
                        "activity" : "work",
                        "per_day_percent" : 92,
                        "time_start" : "9:00-9:30",
                        "time_end" :  "17:00-17:30"
                    },
					{
                        "activity" : "leisure",
                        "per_day_percent" : 45,
						"time" : "120-160"
                    },
                    {
                        "activity" : "shopping",
                        "per_day_percent" : 57,
						"time" : "90-120"
                    }
                ]
			},
			{
				"name" : "self-employed work or business",
				"rating" : 10,
                "weekdays" : [
					{
                        "activity" : "self-employed work or business",
                        "per_day_percent" : 87,
                        "time_start" : "11:00-11:30",
                        "time_end" :  "16:30-17:00"
                    },
                    {
                        "activity" : "leisure",
                        "per_day_percent" : 57,
						"time" : "120-160"
                    },
                    {
                        "activity" : "shopping",
                        "per_day_percent" : 63,
						"time" : "90-120"
                    }
                ]
            }
        ]
    },
			
	{
		"id": 11,
		"name" : "school children",
		"home_buildings" : [
			"многоквартирный жилой дом",
			"индивидуальный жилой дом",
			"дачные участки, садоводческое товарищество",
			"общежитие"
		],
		"activities" : [
            {
                "type" : "primary", 
				"name" : "schooling",
                "buildings" : [
					"школа/гимназия/лицей"					
                ]
            },
            {
                "type" : "secondary",
				"name" : "leisure",
                "buildings" : [
					"музей",
					"кафе",
					"торговый центр",
					"кинотеатр",
					"больница, госпиталь, стационар"					
                ]
            },
            {
                
				"type" : "secondary",
				"name" : "shopping",
                "buildings" : [
					"универсам, супермаркет, гипермаркет",
					"торговый центр"					
                ]
            }
        ],
		
		"schedules" : [
            {
                "name" : "schooling",
				"rating" : 100,
                "weekdays" : [
                    {
                        "activity" : "schooling",
                        "per_day_percent" : 88,
                        "time_start" : "8:30-9:00",
                        "time_end" :  "14:30-15:00"
						
                    },
					{
                        "activity" : "leisure",
                        "per_day_percent" : 13,
						"time" : "60-90"
                    },
                    {
                        "activity" : "shopping",
                        "per_day_percent" : 25,
						"time" : "60-90"
					}
			
                ]
            }
        ]
	},
		
	{
		"id": 12,
		"name" : "preschoolers",
		"home_buildings" : [
			"многоквартирный жилой дом",
			"индивидуальный жилой дом",
			"дачные участки, садоводческое товарищество",
			"общежитие"			
		],
		"activities" : [
            {
                "type" : "primary", 
				"name" : "kindergarten",
                "buildings" : [
					"детский сад/прогимназия"
					
				]	
            },
            {
				
				"type" : "primary",
				"name" : "staying at home",
                "buildings" : [
					"многоквартирный жилой дом",
					"индивидуальный жилой дом",
					"дачные участки, садоводческое товарищество",
					"общежитие"
					
					
                ]
            },
            {
                "type" : "secondary",
				"name" : "leisure",
                "buildings" : [
					"музей",
					"кафе",
					"торговый центр",
					"кинотеатр",
					"больница, госпиталь, стационар"
					
                ]
            },
            {
                
				"type" : "secondary",
				"name" : "shopping",
                "buildings" : [
					"универсам, супермаркет, гипермаркет",
					"торговый центр"					
                ]
            }
        ],
		
		"schedules" : [
            {
                "name" : "kindergarten",
				"rating" : 80,
                "weekdays" : [
                    {
                        "activity" : "kindergarten",
                        "per_day_percent" : 74,
                        "time_start" : "8:00-8:30",
                        "time_end" :  "17:00-17:30"
						
                    },
					{
                        "activity" : "leisure",
                        "per_day_percent" : 8,
						"time" : "60-90"
                    },
                    {
                        "activity" : "shopping",
                        "per_day_percent" : 15,
						"time" : "60-90"
					}
				]
			},
			{
				"name" : "staying at home",
				"rating" : 20,
                "weekdays" : [
					{
                        "activity" : "staying at home",
                        "per_day_percent" :20,
                        "time_start" : "9:00-9:30",
                        "time_end" :  "13:00-13:30"
                    },
                    {
                        "activity" : "leisure",
                        "per_day_percent" : 12,
						"time" : "60-90"
                    },
                    {
                        "activity" : "shopping",
                        "per_day_percent" : 8,
						"time" : "60-90"
					}			
                ]
            }
		]
	}
]