﻿Время экспозиции ООИ в поезде, кол-во дней; Субъект Российской Федерации;№ п/п;Станция Ж.Д.;Время прибытия,по Москве;Время прибытия,местное;Стоянка;Стоянка и общее время в пути;Прогоны;время суток;Зашли в поезд, чел.;Сошли с поезда, чел.;станция;прибытие;стоянка;отправление;километраж;в пути
Первый день;Приморский край;1;Владивосток ;3:22;0:28;0:40;;;утро;743;;Владивосток Город;;;4:02;0 км;
;;;;;;;;;;;;Угольная;4:44;0:02;4:46;33 км;42 м
;Приморский край;2;TEST;4:20;6:03;0:15;15м/ 2ч 1м;2:01;день;20;20;Уссурийск;6:03;0:15;6:18;112 км;2 ч 1 м
;Приморский край;3;Уссурийск;6:03;6:03;0:15;15м/ 2ч 1м;2:01;день;20;20;Уссурийск;6:03;0:15;6:18;112 км;2 ч 1 м
;;;;;;;;;;;;Сибирцево;7:21;0:02;7:23;180 км;3 ч 19 м
;;;;;;;;;;;;Мучная;7:40;0:01;7:41;198 км;3 ч 38 м
;Приморский край;6;Спасск-Дальний;8:15;8:15;0:03;3м/ 4 ч 13 м;1:57;день;15;15;Спасск-Дальний;8:15;0:03;8:18;240 км;4 ч 13 м
;Приморский край;9;Лучегорск;11:38;11:38;0:02;2м/ 7 ч 36 м;3:20;вечер;10;10;Ружино;9:45;0:15;10:00;358 км;5 ч 43 м
;;;;;;;;;;;;Дальнереченск-1;10:44;0:02;10:46;415 км;6 ч 42 м
;;;;;;;;;;;;Лучегорск;11:38;0:02;11:40;487 км;7 ч 36 м
;;;;;;;;;;;;Бикин;12:16;0:02;12:18;534 км;8 ч 14 м
;;;;;;;;;;;;Вяземская;13:42;0:13;13:55;639 км;9 ч 40 м
;Хабаровский край;12;Хабаровск -1;15:45;15:45;1:04;1 ч 4 м/ 11ч 43м;4:05;вечер;80;80;Хабаровск-1;15:45;1:04;16:49;767 км;11 ч 43 м
;Еврейская АО;13;Биробиджан;18:49;11:45;0:07;7 м /14ч 47 м;2:00;ночь;10;10;Биробиджан;18:49;0:04;18:56;940 км;14 ч 47 м
;;;;;;;;;;;;Облучье;21:35;0:15;21:50;1100 км;17 ч 33 м
;;;;;;;;;;;;Архара;23:44;0:02;23:46;1210 км;19 ч 42 м
;Амурская область;16;Бурея;0:30;0:30;0:02;2м/20 ч 28м;5:34;ночь;25;25;Бурея;0:30;0:02;0:32;1261 км;20 ч 28 м
;Амурская область;17;Белогорск;2:49;2:49;0:15;15 м/22ч 47м;2:17;утро;10;10;Белогорск;2:49;0:30;3:19;1425 км;22 ч 47 м
;;;;;;;;;;;;Свободный;4:09;0:02;4:11;1483 км;1 д 0 ч 7 м
;;;;;;;;;;;;Шимановская;5:16;0:02;5:18;1567 км;1 д 1 ч 14 м
;;;;;;;;;;;;Тыгда;7:25;0:02;7:27;1732 км;1 д 3 ч 23 м
;;;;;;;;;;;;Магдагачи;8:25;0:15;8:40;1797 км;1 д 4 ч 23 м
Второй день;Амурская область;22;Сковородино;11:03;11:03;0:02;2/1 д 7 ч 28 м;7:59;день;15;15;Сковородино;11:30;0:02;11:32;1985 км;1 д 7 ч 28 м
;;;;;;;;;;;;Ерофей Павлович;15:06;0:21;15:27;2179 км;1 д 11 ч 4 м
;;;;;;;;;;;;Амазар;17:13;0:18;17:31;2286 км;1 д 13 ч 11 м
;Читинская область;25;Могоча;19:02;0:28;0:15;15 м/1д 15 ч;7:57;ночь;10;10;Могоча;19:02;0:18;19:17;2384 км;1 д 15 ч
;Читинская область;26;Чернышевск-Забайкальск;0:40;0:40;0:30;30 м/  1 д 20 ч 38 м;5:23;ночь;15;15;Чернышевск-Забайкальск;0:40;0:30;1:10;2705 км;1 д 20 ч 38 м
;;;;;;;;;;;;Карымская;5:59;0:18;6:17;2998 км;2 д 1 ч 57 м
Третий день;Читинская область;28;Чита-2;8:11;8:11;0:30;30м/ 2 д 4 ч 8 м;7:01;день;70;70;Чита-2;8:11;0:30;8:41;3094 км;2 д 4 ч 9 м
;;;;;;;;;;;;Хилок;13:11;0:15;13:26;3358 км;2 д 9 ч 9 м
;;;;;;;;;;;;Петровский Завод;15:51;0:02;15:53;3508 км;2 д 11 ч 49 м
;Республика Бурятия;31;Улан-Удэ Пасс.;17:56;17:56;0:27;27 м/ 2 д 13 ч 54 м;9:15;вечер;50;50;Улан-Удэ Пасс.;17:56;0:27;18:23;3651 км;2 д 13 ч 54 м
;;;;;;;;;;;;Слюдянка-1;22:46;0:02;22:48;3981 км;2 д 18 ч 44 м
;Иркутская область;33;Иркутск Пасс.;1:24;1:24;0:23;23 м / 2 д  21ч 22 м;7:01;ночь;100;100;Иркутск Пасс.;1:24;0:23;1:47;4107 км;2 д 21 ч 22 м
;;;;;;;;;;;;Иркутск Сортировочный;2:00;0:02;2:02;4115 км;2 д 21 ч 58 м
;Иркутская область;35;Ангарск;2:43;2:43;0:03;3 м/ 2 д 22 ч 41 м;0:56;утро;20;20;Ангарск;2:43;0:03;2:46;4147 км;2 д 22 ч 41 м
Четвертый день;Иркутская область;36;Зима;5:59;5:59;0:30;30 м/ 3 д 1 ч 57 м;3:13;утро;20;20;Зима;5:59;0:30;6:29;4358 км;3 д 1 ч 57 м
;;;;;;;;;;;;Тулун;8:22;0:02;8:24;4497 км;3 д 4 ч 20 м
;Иркутская область;38;Нижнеудинск;10:00;10:00;0:13;13 м /3 д 5 ч 58 м;3:31;день;10;10;Нижнеудинск;10:00;0:13;10:13;4613 км;3 д 5 ч 58 м
;;;;;;;;;;;;Тайшет;12:38;0:02;12:40;4777 км;3 д 8 ч 36 м
;;;;;;;;;;;;Решоты;13:40;0:01;13:41;4840 км;3 д 9 ч 38 м
;Красноярский край;41;Иланская;14:50;14:50;0:22;22 м/ 3 д 10 ч 48 м;4:37;вечер;45;45;Иланская;14:50;0:22;15:12;4916 км;3 д 10 ч 48 м
;;;;;;;;;;;;Канск-Енисейский;15:39;0:01;15:40;4948 км;3 д 11 ч 37 м
;;;;;;;;;;;;Красноярск;19:08;0:22;19:30;5195 км;3 д 15 ч 6 м
;Красноярский край;43;Красноярск Пасс.;19:08;19:08;0:22;22 м/ 3 д 15 ч 6 м;3:56;ночь;140;140;Красноярск Пасс;19:08;0:22;19:30;5195 км;3 д 15 ч 6 м
;;;;;;;;;;;;Ачинск-1;22:19;0:01;22:20;5379 км;3 д 18 ч 17 м
;;;;;;;;;;;;Боготол;23:19;0:01;23:20;5447 км;3 д 19 ч 17 м
;Кемеровская область;46;Мариинск;1:10;1:10;0:26;26 м / 3 д 21 ч 8 м;5:40;ночь;20;20;Мариинск;1:10;0:26;1:36;5580 км;3 д 21 ч 8 м
;Кемеровская область;47;Тайга;3:34;3:34;0:03;3 м/ 3 д 23 ч 32 м;1:58;утро;0;0;Тайга;3:34;0:03;3:37;5728 км;3 д 23 ч 32 м
Пятый день;Новосибирская область;48;Новосибирск Главный;6:45;6:45;0:19;19 м/ 4 д 2 ч 43 м;3:08;утро;150;150;Новосибирск-Главный;6:45;0:19;7:04;5957 км;4 д 2 ч 43 м
;;;;;;;;;;;;Барабинск;10:14;0:30;10:44;6260 км;4 д 6 ч 12 м
;Омская область;50;Омск;15:05;15:05;0:18;18 м/4 д 11ч 3 м;8:01;вечер;40;40;Омск;15:05;0:18;15:23;6584 км;4 д 11 ч 3 м
;Тюменская область;51;Ишим;18:30;18:30;0:12;12 м/ 4 д 14 ч 28 м;3:07;вечер;10;10;Ишим;18:30;0:12;18:42;6867 км;4 д 14 ч 28 м
;Тюменская область;52;Тюмень;22:12;2:52;0:20;20 м/ 4 д 18 ч 10 м;3:30;ночь;50;50;Тюмень;22:12;0:20;22:32;7156 км;4 д 18 ч 10 м
;Свердловская область;53;Екатеринбург Пасс.;3:21;3:21;0:28;28 м/ 4 д 23 ч 19 м;4:49;день;140;140;Екатеринбург Пасс.;3:21;0:28;3:49;7482 км;4 д 23 ч 19 м
Шестой день;Пермский край;54;Пермь -2;9:19;9:19;0:20;20 м /5 д 5 ч 14 м;5:30;ночь;50;50;Пермь-2;9:16;0:20;9:36;7863 км;5 д 5 ч 14 м
;Республика Удмуртия;55;Балезино;13:33;13:33;0:23;23 м/ 5 д 9 ч 31 м;3:54;день;20;20;Балезино;13:33;0:23;13:56;8106 км;5 д 9 ч 31 м
;Кировская область;56;Киров Пасс.;17:09;17:09;0:15;15 м/ 5 д 13 ч 7 м;3:13;вечер;20;20;Киров Пасс;17:09;0:15;17:24;8343 км;5 д 13 ч 7 м
;Нижегородская область;57;Нижний Новгород Моск.;23:08;23:08;0:12;12 м, 5 д 19 ч 6 м;5:44;ночь;100;100;Нижний Новгород Моск.;23:08;0:12;23:20;8799 км;5 д 19 ч 6 м
;Владимирская область;58;Владимир;2:35;2:35;0:23;23 м/5 д 22 ч 33 м;3:15;ночь;20;20;Владимир;2:35;0:23;2:58;9050 км;5 д 22 ч 33 м
;Москва;59;Москва Ярославская;6:01;6:01;0;6 д 1 ч 59 м;3:03;ночь;0;743;Москва Ярославская;6:01;;;9260 км;6 д 1 ч 59 м
