﻿	;	S	;	E	;	I1	;	I2	;	T	;	R	;	Description
S	;	99	;	1	;	-	;	-	;	-	;	-   ;	Здоровые подверженные заражению
E	;	-	;	90	;	10	;	-	;	-	;	-   ;	Заразившиеся не распространяющие инфекцию
I1	;	-	;	-	;	90	;	10	;	-	;	-   ;	Заразившиеся и распространяющие инфекцию бессимптомно
I2	;	-	;	-	;	-	;	80	;	15	;	5  ;	Заразившиеся и распространяющие инфекцию с симптомами
T	;	40	;	-	;	-	;	-	;	40	;	20	;	Временно выбывшие из жизненного цикла
R	;	-	;	-	;	-	;	-	;	-	;	100	;	Изолированные в стационаре