﻿{
	"name": "Middle East respiratory syndrome coronavirus",
	
	/* период расчета фаз протекания заболевания - обновления по матрице; оказывает прямое влияние на вероятность (minutes) */
	"matrix_phase_update_period": 120,
			
	"transmission": ["direct_contact"],
	
	/* воздушно-капельный */
	"droplet": {		
		"no_symptoms_radius": 1,
		"symptoms_radius": 3,		
		/* период расчета контактов (minutes) */
		"contact_update_period": 30,
		/* среднее (лямбда) в пуассоновском распределении вероятности контакта (seconds) */
		"poisson_mean": 5
	},
	
	/* непосредственный контакт */
	"direct_contact": {
		/* время, за которое оставленная зараза исчезает с дверных руек и тп (minutes) */
		"active_period": 14400
	}
}