{
    "population" : 0,

    "classes_bio" : {
        "under 5" : 5,
        "6-16": 8,
        "17-29" : 7,
        "30-44": 17,
        "45-55" : 31,
        "50-60": 20,
        "disabled walk" : 4,
        "disabled transportable": 4,
        "disabled non-transportable" : 4
    },

    "classes_economy" : {
        "student" : 1,
        "moderate means" : 12,
        "wealthy achievers" : 21,
        "urban prosperity" : 10,
        "educated urbanites" : 5,
        "burdened singles" : 3,
        "struggling families" : 11,
        "pensioneers" : 5,
        "immigrants" : 10,
        "comfortably off" : 22
    }
}