﻿	;	IM	;	S	;	E	;	I2	;	T	;	R	;	Description
IM	;	100	;	-	;	-	;	-	;	-	;	- 	;	Здоровые имеющие иммунитет
S	;	-	;	95	;	5	;	-	;	-	;	-   ;	Здоровые подверженные заражению
E	;	-	;	-	;	90	;	10	;	-	;	-   ;	Заразившиеся не распространяющие инфекцию
I2	;	-	;	-	;	-	;	80	;	15	;	5   ;	Заразившиеся и распространяющие инфекцию с симптомами
T	;	55	;	-	;	-	;	-	;	35	;	10	;	Временно выбывшие из жизненного цикла
R	;	-	;	-	;	-	;	-	;	-	;	100	;	Изолированные в стационаре