﻿	;	IM	;	S	;	E	;	I1	;	I2	;	T	;	R	;	C	;	Description
IM	;	100	;	-	;	-	;	-	;	-	;	-	;	- 	;	-	;	Здоровые имеющие иммунитет
S	;	-	;	70	;	30	;	-	;	-	;	-	;	-   ;	-	;	Здоровые подверженные заражению
E	;	-	;	-	;	80	;	20	;	-	;	-	;	-   ;	-	;	Заразившиеся не распространяющие инфекцию
I1	;	-	;	-	;	-	;	50	;	50	;	-	;	-   ;	-	;	Заразившиеся и распространяющие инфекцию бессимптомно
I2	;	-	;	-	;	-	;	-	;	30	;	60	;	10  ;	-	;	Заразившиеся и распространяющие инфекцию с симптомами
T	;	-	;	-	;	-	;	20	;	-	;	40	;	40	;	-	;	Временно выбывшие из жизненного цикла
R	;	-	;	-	;	-	;	-	;	-	;	-	;	1	;	-	;	Изолированные в стационаре
C	;	-	;	-	;	-	;	-	;	-	;	-	;	-	;	0	;	Получившие осложнение