﻿{
	"ScenarioName": "Cinema",
    "VisName": "Кинотеатр   ^2Variola",
	"DataSubDirectory": "Cinema",
    "SimulationType":  "Cinema",
	
	"TimeStep": 1,
	"ToSecondsMultiplier": 1,
	"TimeStart": "2014-09-16T17:20:00.000+04:00",
	
	"InitialPopulation": 0,
	
	"MapPointDL": {"X": 0, "Y": 0},
	"MapPointUR": {"X": 400, "Y": 400},
	"ToMetersMultiplier": 1,
	"GeoPointDL": {"Lat": 59.933436, "Lon": 30.234280},
    "GeoPointUR": {"Lat": 59.945719, "Lon": 30.287144},
    "PreferredCoordinates":  "cartesian",    

	"Plugins": {		
		"SimpleInfection": {
			"InfectionName": "variola",
            "InfectionInitialization":  "cinema"
		}
	},

	"ActivePlugins": ["SimpleInfection"]
}