﻿{
	"ScenarioName": "Pulkovo airport, Saint-Petersburg, Bacillus anthracis",
    "VisName": "Терминал   ^2Bacillus anthracis",
	"DataSubDirectory": "Pulkovo",
	
	"TimeStep": 1,
	"ToSecondsMultiplier": 1,
	"TimeStart": "2014-09-16T07:00:00.000+04:00",
	
	"InitialPopulation": 0,
	
	"MapPointDL": {"X": 0, "Y": 0},
	"MapPointUR": {"X": 400, "Y": 400},
	"ToMetersMultiplier": 1,
	"GeoPointDL": {"Lat": 59.933436, "Lon": 30.234280},
    "GeoPointUR": {"Lat": 59.945719, "Lon": 30.287144},
    "PreferredCoordinates":  "cartesian",
	
    "SimulationType":  "Pulkovo",

	"Plugins": {
		
		"QuadTree": {
			"GlobalQuadrantSize": 400,
			"QuadrantSizeMin": 0.5,
			"QuadrantSizeMan": 4
		},
		
		"RoadGraph": {		
		},
              
		
		"SimpleInfection": {
			"InfectionName": "anthrax",
            "InfectionInitialization":  "toilets"
		}
	},

	"ActivePlugins": ["SimpleInfection"]
}