﻿{
	"ScenarioName": "Vasilievsky Island, Saint-Petersburg, Daily",
    "VisName": "СПб В/О   ^2Все здоровы",
	"DataSubDirectory": "VO",
	
	"TimeStep": 1,
	"ToSecondsMultiplier": 1,
	"TimeStart": "2015-10-7T07:00:00.000+04:00",
	
	"InitialPopulation": 500,
	
	"MapPointDL": {"X": 0, "Y": 0},
	"MapPointUR": {"X": 10000, "Y": 10000},
	"ToMetersMultiplier": 1,
	"GeoPointDL": {"Lat": 59.91612718594394, "Lon": 30.15506603759737},
    "GeoPointUR": {"Lat": 59.96672508267804, "Lon": 30.32432415527608},
    "PreferredCoordinates":  "geo",
	
    "SimulationType":  "Vasilyevsky",

	"Plugins": {                		
		"SimpleInfection": {
			"InfectionName": "ebola"
		}
	},

	"ActivePlugins": []
}