[{"Id": 913, "Floor": 3, "SensorType": null, "Point": {"Y": 14.5869, "X": -211.724}, "Name": "Detector055", "Type": "detector"}, {"Id": 920, "Floor": 3, "SensorType": null, "Point": {"Y": -76.4444, "X": -96.89}, "Name": "Detector062", "Type": "detector"}, {"Id": 1235, "Floor": 4, "SensorType": null, "Point": {"Y": -25.1848, "X": -42.6253}, "Name": "Detector332", "Type": "detector"}, {"Id": 1231, "Floor": 4, "SensorType": null, "Point": {"Y": -73.775, "X": -10.2259}, "Name": "Detector327", "Type": "detector"}, {"Id": 908, "Floor": 3, "SensorType": null, "Point": {"Y": -2.40765, "X": -79.3028}, "Name": "Detector050", "Type": "detector"}, {"Id": 964, "Floor": 3, "SensorType": null, "Point": {"Y": -56.3215, "X": -149.374}, "Name": "Detector372", "Type": "detector"}, {"Id": 938, "Floor": 3, "SensorType": null, "Point": {"Y": 27.2444, "X": 14.5261}, "Name": "Detector080", "Type": "detector"}, {"Id": 1227, "Floor": 4, "SensorType": null, "Point": {"Y": -30.1636, "X": -38.6251}, "Name": "Detector296", "Type": "detector"}, {"Id": 905, "Floor": 3, "SensorType": null, "Point": {"Y": -11.5456, "X": -1.92889}, "Name": "Detector047", "Type": "detector"}, {"Id": 125, "Floor": 1, "SensorType": null, "Point": {"Y": -34.7269, "X": -170.285}, "Name": "Detector180", "Type": "detector"}, {"Id": 916, "Floor": 3, "SensorType": null, "Point": {"Y": 30.5344, "X": -192.382}, "Name": "Detector058", "Type": "detector"}, {"Id": 896, "Floor": 3, "SensorType": null, "Point": {"Y": -191.658, "X": 3.40746}, "Name": "Detector038", "Type": "detector"}, {"Id": 886, "Floor": 3, "SensorType": null, "Point": {"Y": -96.1851, "X": -28.0043}, "Name": "Detector028", "Type": "detector"}, {"Id": 902, "Floor": 3, "SensorType": null, "Point": {"Y": -242.646, "X": 26.2089}, "Name": "Detector044", "Type": "detector"}, {"Id": 115, "Floor": 1, "SensorType": null, "Point": {"Y": -75.6264, "X": -211.466}, "Name": "Detector170", "Type": "detector"}, {"Id": 440, "Floor": 2, "SensorType": null, "Point": {"Y": -85.4598, "X": -100.422}, "Name": "Detector145", "Type": "detector"}, {"Id": 428, "Floor": 2, "SensorType": null, "Point": {"Y": 14.4774, "X": 7.9989}, "Name": "Detector131", "Type": "detector"}, {"Id": 140, "Floor": 1, "SensorType": null, "Point": {"Y": -54.3498, "X": -182.233}, "Name": "Detector195", "Type": "detector"}, {"Id": 861, "Floor": 3, "SensorType": null, "Point": {"Y": -75.727, "X": -203.178}, "Name": "Detector003", "Type": "detector"}, {"Id": 889, "Floor": 3, "SensorType": null, "Point": {"Y": -63.9811, "X": -30.1162}, "Name": "Detector031", "Type": "detector"}, {"Id": 425, "Floor": 2, "SensorType": null, "Point": {"Y": -272.154, "X": -1.53886}, "Name": "Detector128", "Type": "detector"}, {"Id": 892, "Floor": 3, "SensorType": null, "Point": {"Y": -122.66, "X": 7.73148}, "Name": "Detector034", "Type": "detector"}, {"Id": 448, "Floor": 2, "SensorType": null, "Point": {"Y": -62.8465, "X": 26.2089}, "Name": "Detector161", "Type": "detector"}, {"Id": 393, "Floor": 2, "SensorType": null, "Point": {"Y": -89.4142, "X": -197.401}, "Name": "Detector085", "Type": "detector"}, {"Id": 441, "Floor": 2, "SensorType": null, "Point": {"Y": 20.2334, "X": -100.462}, "Name": "Detector154", "Type": "detector"}, {"Id": 873, "Floor": 3, "SensorType": null, "Point": {"Y": 15.2631, "X": -144.686}, "Name": "Detector015", "Type": "detector"}, {"Id": 152, "Floor": 1, "SensorType": null, "Point": {"Y": -207.261, "X": 6.61353}, "Name": "Detector207", "Type": "detector"}, {"Id": 878, "Floor": 3, "SensorType": null, "Point": {"Y": -45.4199, "X": -141.496}, "Name": "Detector020", "Type": "detector"}, {"Id": 404, "Floor": 2, "SensorType": null, "Point": {"Y": 8.9885, "X": -152.93}, "Name": "Detector100", "Type": "detector"}, {"Id": 131, "Floor": 1, "SensorType": null, "Point": {"Y": -11.9816, "X": -114.626}, "Name": "Detector186", "Type": "detector"}, {"Id": 179, "Floor": 1, "SensorType": null, "Point": {"Y": -44.6758, "X": -114.74}, "Name": "Detector234", "Type": "detector"}, {"Id": 435, "Floor": 2, "SensorType": null, "Point": {"Y": 24.0426, "X": -197.512}, "Name": "Detector140", "Type": "detector"}, {"Id": 872, "Floor": 3, "SensorType": null, "Point": {"Y": -20.6294, "X": -141.496}, "Name": "Detector014", "Type": "detector"}, {"Id": 909, "Floor": 3, "SensorType": null, "Point": {"Y": -8.79119, "X": -79.2077}, "Name": "Detector051", "Type": "detector"}, {"Id": 455, "Floor": 2, "SensorType": null, "Point": {"Y": 27.4233, "X": -65.5276}, "Name": "Detector344", "Type": "detector"}, {"Id": 953, "Floor": 3, "SensorType": null, "Point": {"Y": 15.3078, "X": -165.819}, "Name": "Detector361", "Type": "detector"}, {"Id": 116, "Floor": 1, "SensorType": null, "Point": {"Y": -89.44, "X": -183.999}, "Name": "Detector171", "Type": "detector"}, {"Id": 157, "Floor": 1, "SensorType": null, "Point": {"Y": -241.06, "X": 1.55966}, "Name": "Detector212", "Type": "detector"}, {"Id": 178, "Floor": 1, "SensorType": null, "Point": {"Y": -50.3207, "X": -114.74}, "Name": "Detector233", "Type": "detector"}, {"Id": 174, "Floor": 1, "SensorType": null, "Point": {"Y": -96.3493, "X": -100.346}, "Name": "Detector229", "Type": "detector"}, {"Id": 182, "Floor": 1, "SensorType": null, "Point": {"Y": 7.22864, "X": -100.387}, "Name": "Detector237", "Type": "detector"}, {"Id": 943, "Floor": 3, "SensorType": null, "Point": {"Y": 30.5492, "X": -58.9002}, "Name": "Detector351", "Type": "detector"}, {"Id": 895, "Floor": 3, "SensorType": null, "Point": {"Y": -158.423, "X": 2.94545}, "Name": "Detector037", "Type": "detector"}, {"Id": 876, "Floor": 3, "SensorType": null, "Point": {"Y": 32.1214, "X": -184.087}, "Name": "Detector018", "Type": "detector"}, {"Id": 179, "Floor": 1, "SensorType": null, "Point": {"Y": -44.6758, "X": -114.74}, "Name": "Detector234", "Type": "detector"}, {"Id": 425, "Floor": 2, "SensorType": null, "Point": {"Y": -272.154, "X": -1.53886}, "Name": "Detector128", "Type": "detector"}, {"Id": 143, "Floor": 1, "SensorType": null, "Point": {"Y": -10.735, "X": -182.099}, "Name": "Detector198", "Type": "detector"}, {"Id": 945, "Floor": 3, "SensorType": null, "Point": {"Y": -38.0985, "X": -17.5907}, "Name": "Detector353", "Type": "detector"}, {"Id": 144, "Floor": 1, "SensorType": null, "Point": {"Y": -149.139, "X": 13.4598}, "Name": "Detector199", "Type": "detector"}, {"Id": 159, "Floor": 1, "SensorType": null, "Point": {"Y": -39.3998, "X": -114.757}, "Name": "Detector214", "Type": "detector"}]