[{"Id": 167, "Floor": 1, "Type": "detector", "Point": {"Y": 9.77178, "X": -211.881}, "SensorType": null, "Name": "Detector222"}, {"Id": 882, "Floor": 3, "Type": "detector", "Point": {"Y": -82.305, "X": -76.9998}, "SensorType": null, "Name": "Detector024"}, {"Id": 890, "Floor": 3, "Type": "detector", "Point": {"Y": -103.272, "X": 3.82182}, "SensorType": null, "Name": "Detector032"}, {"Id": 884, "Floor": 3, "Type": "detector", "Point": {"Y": -56.0101, "X": -79.1377}, "SensorType": null, "Name": "Detector026"}, {"Id": 1221, "Floor": 4, "Type": "detector", "Point": {"Y": -93.1854, "X": -51.3347}, "SensorType": null, "Name": "Detector277"}, {"Id": 864, "Floor": 3, "Type": "detector", "Point": {"Y": -85.56, "X": -169.857}, "SensorType": null, "Name": "Detector006"}, {"Id": 121, "Floor": 1, "Type": "detector", "Point": {"Y": -84.4649, "X": -136.13}, "SensorType": null, "Name": "Detector176"}, {"Id": 939, "Floor": 3, "Type": "detector", "Point": {"Y": -84.1103, "X": -49.1624}, "SensorType": null, "Name": "Detector081"}, {"Id": 184, "Floor": 1, "Type": "detector", "Point": {"Y": -20.7561, "X": -211.871}, "SensorType": null, "Name": "Detector239"}, {"Id": 883, "Floor": 3, "Type": "detector", "Point": {"Y": -63.2944, "X": -79.1377}, "SensorType": null, "Name": "Detector025"}, {"Id": 169, "Floor": 1, "Type": "detector", "Point": {"Y": 30.5344, "X": -192.382}, "SensorType": null, "Name": "Detector224"}, {"Id": 953, "Floor": 3, "Type": "detector", "Point": {"Y": 15.3078, "X": -165.819}, "SensorType": null, "Name": "Detector361"}, {"Id": 878, "Floor": 3, "Type": "detector", "Point": {"Y": -45.4199, "X": -141.496}, "SensorType": null, "Name": "Detector020"}, {"Id": 431, "Floor": 2, "Type": "detector", "Point": {"Y": 21.3356, "X": -171.057}, "SensorType": null, "Name": "Detector136"}, {"Id": 884, "Floor": 3, "Type": "detector", "Point": {"Y": -56.0101, "X": -79.1377}, "SensorType": null, "Name": "Detector026"}, {"Id": 870, "Floor": 3, "Type": "detector", "Point": {"Y": -14.943, "X": -171.043}, "SensorType": null, "Name": "Detector012"}, {"Id": 166, "Floor": 1, "Type": "detector", "Point": {"Y": 15.6117, "X": -211.932}, "SensorType": null, "Name": "Detector221"}, {"Id": 166, "Floor": 1, "Type": "detector", "Point": {"Y": 15.6117, "X": -211.932}, "SensorType": null, "Name": "Detector221"}, {"Id": 918, "Floor": 3, "Type": "detector", "Point": {"Y": -96.0306, "X": -192.166}, "SensorType": null, "Name": "Detector060"}, {"Id": 120, "Floor": 1, "Type": "detector", "Point": {"Y": -95.8788, "X": -149.213}, "SensorType": null, "Name": "Detector175"}, {"Id": 417, "Floor": 2, "Type": "detector", "Point": {"Y": -158.987, "X": 3.73433}, "SensorType": null, "Name": "Detector120"}, {"Id": 949, "Floor": 3, "Type": "detector", "Point": {"Y": 26.548, "X": -157.312}, "SensorType": null, "Name": "Detector357"}, {"Id": 880, "Floor": 3, "Type": "detector", "Point": {"Y": 26.711, "X": -28.1888}, "SensorType": null, "Name": "Detector022"}, {"Id": 901, "Floor": 3, "Type": "detector", "Point": {"Y": -236.596, "X": 26.2089}, "SensorType": null, "Name": "Detector043"}, {"Id": 943, "Floor": 3, "Type": "detector", "Point": {"Y": 30.5492, "X": -58.9002}, "SensorType": null, "Name": "Detector351"}]