[
    {
		"id": 101,
		"name" : "middle-aged",
		"home_buildings" : [
            "Personal house"
        ],
		"activities" : [
            {
                "type" : "primary", 
				"name" : "work",
                "buildings" : [
                    "Administrative building",
					"Shop",
					"School",
					"Church",
					"House of Culture",
					"Shore"
				]	
            },
            {
				"type" : "primary", 
				"name" : "unemployed",
                "buildings" : [
					"Administrative building",
					"Shop",
					"School",
					"Church",
					"House of culture",
					"Shore",
					"Personal house",
					"Garden"
                ]
            },
            {
                "type" : "secondary",
				"name" : "Social activity",
                "buildings" : [
                    "Shop",
					"School",
					"Church",
					"Administrative building",
					"Shore"
                ]
            },
            {
                "type" : "secondary",
				"name" : "Personal business",
                "buildings" : [
                    "Personal house",
					"Garden",
					"Shore"          
                ]
            }
        ],

        "schedules" : [
            {
                "name" : "full time work",
                "rating" : 96,
                "weekdays" : [
                    {
                        "activity" : "work",
                        "per_day_percent" : 18,
                        "time_start" : "08:30-09:00",
                        "time_end" :  "16:00-16:30"
                    },
                    {
                        "activity" : "Social activity",
                        "per_day_percent" : 47,
						"time" : "120-180"
                    },
                    {
                        "activity" : "Personal business",
                        "per_day_percent" : 57,
						"time" : "90-120"
                    }
                ]
            },
			{				
				"name" : "unemployed",
				"rating" : 4,
                "weekdays" : [
					{
                        "activity" : "unemployed",
                        "per_day_percent" : 15,
                        "time_start" : "08:30-09:00",
                        "time_end" :  "13:00-13:30"
                    },
					{
                        "activity" : "Social activity",
                        "per_day_percent" : 57,
						"time" : "180-210"
                    },	
					{
                        "activity" : "Personal business",
                        "per_day_percent" : 57,
						"time" : "120-150"
                    }
                ]
            }
        ]
	},

	{
		"id": 102,
		"name" : "pensioners",
		"home_buildings" : [
            "Personal house"			
        ],
		"activities" : [
            {
                "type" : "primary", 
				"name" : "work",
                "buildings" : [
					"Shop",
					"Administrative building",
					"Culture house",
					"Church",
					"School",
					"Shore"
				]	
            },
            {
				"type" : "primary", 
				"name" : "unemployed",
                "buildings" : [
					"Shop",
					"Administrative building",
					"Culture house",
					"Church",
					"School",
					"Shore",
					"Personal house",
					"Garden"
                ]
            },
            {
                "type" : "secondary",
				"name" : "Social activity",
                "buildings" : [
					"Shop",
					"Church",
					"Administrative building",
					"House of culture"
                ]
            },
            {
                "type" : "secondary",
				"name" : "Personal business",
                "buildings" : [
					"Personal house",
					"Garden",
					"Shore"
                ]
            }
        ],

        "schedules" : [
            {
                "name" : "full time work",
                "rating" : 37,
                "weekdays" : [
                    {
                        "activity" : "work",
                        "per_day_percent" : 38,
                        "time_start" : "08:30-09:00",
                        "time_end" :  "16:00-16:30"
                    },
					{
                        "activity" : "Social activity",
                        "per_day_percent" : 35,
						"time" : "120-150"
                    },
                    {
                        "activity" : "Personal business",
                        "per_day_percent" : 52,
						"time" : "90-120"
      				}
                ]
            },
			{
				
				"name" : "unemployed",
				"rating" : 63,
                "weekdays" : [
					{
                        "activity" : "unemployed",
                        "per_day_percent" : 15,
                        "time_start" : "08:30-09:00",
                        "time_end" :  "14:00-14:30"
                    },
					{
                        "activity" : "Social activity",
                        "per_day_percent" : 57,
						"time" : "120-150"
                    },	
					{
                        "activity" : "Personal business",
                        "per_day_percent" : 57,
						"time" : "120-150"
					}
                ]
            }
        ]
	},

	{
		"id": 103,
		"name" : "disabled vilagers",
		"home_buildings" : [
			"Personal house"
		],
		"activities" : [            
            {
				"type" : "primary", 
				"name" : "stay home",
                "buildings" : [
					"Personal house"
                ]
            },
            {
                "type" : "secondary",
				"name" : "Personal business",
                "buildings" : [
					"Personal house",
					"Garden",
					"Shore"
                ]
            }
        ],
		
		"schedules" : [
            {
                "name" : "stay home",
                "rating" : 100,
                "weekdays" : [
                    {
                        "activity" : "stay home",
                        "per_day_percent" : 83,
                        "time_start" : "9:00-9:30",
                        "time_end" :  "17:00-17:30"
                    },
					{
                        "activity" : "Personal business",
                        "per_day_percent" : 35,
						"time" : "90-120"
					}			
                ]
            }
        ]
	},
	
	{
		"id": 104,
		"name" : "school children",
		"home_buildings" : [
			"Personal house"
		],
		"activities" : [            
            {
				
				"type" : "primary", 
				"name" : "study",
                "buildings" : [
					"School"
                ]
            },
            {
                "type" : "secondary",
				"name" : "Social activity",
                "buildings" : [
					"Church",
					"House of culture",
					"Shop"
                ]
            },
            {
                "type" : "secondary",
				"name" : "Personal business",
                "buildings" : [
					"Personal house",
					"Garden",
					"Shore"
                ]
            }
        ],
		
		"schedules" : [
            {
                "name" : "study",
                "rating" : 100,
                "weekdays" : [
                    {
                        "activity" : "study",
                        "per_day_percent" : 83,
                        "time_start" : "08:30-09:00",
                        "time_end" :  "13:00-13:30"
                    },
					{
                        "activity" : "Social activity",
                        "per_day_percent" : 43,
						"time" : "80-110"
                    },
                    {
                        "activity" : "Personal business",
                        "per_day_percent" : 52,
						"time" : "120-150"
					
					}
                ]
            }
        ]
	},
	
	{
		"id": 105,
		"name" : "preschoolers",
		"home_buildings" : [
			"Personal house"
		],
		"activities" : [            
            {
				
				"type" : "primary", 
				"name" : "stay home",
                "buildings" : [
					"Personal house"
                ]
            },
            {
                "type" : "secondary",
				"name" : "Social activity",
                "buildings" : [
					"Personal house",
					"Garden",
					"Shore"
                ]
            }
        ],
					
		"schedules" : [
            {
                "name" : "stay home",
                "rating" : 100,
                "weekdays" : [
                    {
                        "activity" : "stay home",
                        "per_day_percent" : 95,
                        "time_start" : "9:00-9:30",
                        "time_end" :  "12:00-14:30"
                    },
					{
                        "activity" : "Social activity",
                        "per_day_percent" : 95,
						"time" : "120-240"
                    }
                ]
            }
        ]
	}
	
]